email,userId,Client ID,Account ID
test_1645096121247_mvsnn@example.com,87a41bc2-b51e-42ce-adc3-780ed4d91129,8a8587398143a8ed01814718f8a20cca,8a8587398143a8ed018147a5dd5410c5
test_1645096124140_9rvpu@example.com,4dac2c06-7052-4bb5-973c-e9ea39d6e047,,
test_1645096125814_rahap@example.com,6970e340-3643-4f12-80d8-3ae6ab3d7dce,,
test_1645096126405_qxmmh@example.com,1b80f361-35d1-47af-b543-1175d4b1d447,,
test_1645096127575_f53pl@example.com,e995bf41-0dc0-4490-98fe-8a4b733b25e0,,
test_1645096128320_ol7i0@example.com,4e6ef5ca-fb7a-419b-9021-f9c63586735e,,
test_1645096128321_0k04i@example.com,c84cc458-3356-4d7d-b45a-b796fed5ebc5,,
test_1645096128891_bis23@example.com,61860db5-5811-4f5c-bde1-6d4282cb12d6,,
test_1645096129518_gs3tp@example.com,77dfea03-1879-498f-9f15-5c491496af48,,
test_1645096129534_62kiy@example.com,e0650220-ccf0-47bf-b497-05cc9486c0bf,,
test_1645096129961_f51wy@example.com,618a1885-0c9e-4607-9911-234578523f3f,,
test_1645096130121_l9d45@example.com,33efcf08-6979-418c-bad3-ab3e4246081b,,
test_1645096130681_7nxkl@example.com,bc358543-fdca-43f1-a5e2-92e35bf145ce,,
test_1645096130719_ih6de@example.com,6ce6c72d-80c8-4085-91ac-dc54fee809fa,,
test_1645096131246_fytym@example.com,fae79747-7846-41af-a6ca-7fb90e4dfac8,,
test_1645096131689_zphyw@example.com,e48d4f61-581e-4f66-bea9-d324a1655f0e,,
test_1645096131689_lohar@example.com,a5a4a3bf-a4a3-4c21-8e2e-0612a14f72ca,,
test_1645096131917_h815g@example.com,eaa95d50-f6f7-4454-844b-3e68040a2036,,
test_1645096132243_2a25q@example.com,ae922093-9dc7-41c0-9026-6e6702480893,,